-- Seed clubs with region_id (województwo) and city from the provided list.
-- Only updates clubs that exist by name and where both woj and city are non-empty.
-- Region name matching is case-insensitive (e.g. Kujawsko-pomorskie -> regions.name Kujawsko-Pomorskie).

with data(club_name, woj_name, city) as (
  values
    ('A2R Warszawa', 'Mazowieckie', 'Warszawa'),
    ('Agape Białołęka', 'Mazowieckie', 'Warszawa'),
    ('Agape II Białołęka', 'Mazowieckie', 'Warszawa'),
    ('Agrykola Warszawa', 'Mazowieckie', 'Warszawa'),
    ('AKS SMS Łódź', 'Łódzkie', 'Łódź'),
    ('AP 11 Legionowo', 'Mazowieckie', 'Legionowo'),
    ('AP Bronowice', 'Lubelskie', 'Lublin'),
    ('AP Ciechanów', 'Mazowieckie', 'Ciechanów'),
    ('AP Eskadra Warszawa', 'Mazowieckie', 'Warszawa'),
    ('AP Młode Talenty Toruń', 'Kujawsko-pomorskie', 'Toruń'),
    ('AP Orlen Gdańsk', 'Pomorskie', 'Gdańsk'),
    ('AP Wilki Warszawa', 'Mazowieckie', 'Warszawa'),
    ('AP Żyrardów', 'Mazowieckie', 'Żyrardów'),
    ('Arka Gdynia', 'Pomorskie', 'Gdynia'),
    ('Avia Świdnik', 'Lubelskie', 'Świdnik'),
    ('Beniaminek Radom', 'Mazowieckie', 'Radom'),
    ('Białe Orły Warszawa', 'Mazowieckie', 'Warszawa'),
    ('Błękitni Stary Olsztyn', 'Warmińsko-mazurskie', 'Olsztyn'),
    ('BVB Academy Warsaw', 'Mazowieckie', 'Warszawa'),
    ('BVB Academy WBS Warsaw', 'Mazowieckie', 'Warszawa'),
    ('Chemik Bydgoszcz', 'Kujawsko-pomorskie', 'Bydgoszcz'),
    ('Chrobry Głogów', 'Dolnośląskie', 'Głogów'),
    ('Constract Lubawa', 'Warmińsko-mazurskie', 'Lubawa'),
    ('Cracovia', 'Małopolskie', 'Kraków'),
    ('Cuiavia Inowrocław', 'Kujawsko-pomorskie', 'Inowrocław'),
    ('DAP Dębica', 'Podkarpackie', 'Dębica'),
    ('Dąb Wieliszew', 'Mazowieckie', 'Wieliszew'),
    ('Delta Warszawa', 'Mazowieckie', 'Warszawa'),
    ('DKS Dobre Miasto', 'Warmińsko-mazurskie', 'Dobre Miasto'),
    ('Drukarz Warszawa', 'Mazowieckie', 'Warszawa'),
    ('Elana Toruń', 'Kujawsko-pomorskie', 'Toruń'),
    ('Escola II Varsovia', 'Mazowieckie', 'Warszawa'),
    ('Escola Varsovia', 'Mazowieckie', 'Warszawa'),
    ('Escola Varsovia Bemowo', 'Mazowieckie', 'Warszawa'),
    ('FASE Szczecin', 'Zachodniopomorskie', 'Szczecin'),
    ('FC Lesznowola', 'Mazowieckie', 'Lesznowola'),
    ('FFK Warszawa', 'Mazowieckie', 'Warszawa'),
    ('Flota Świnoujście', 'Zachodniopomorskie', 'Świnoujście'),
    ('Gedania Gdańsk', 'Pomorskie', 'Gdańsk'),
    ('GLKS Orzeł Nadarzyn', 'Mazowieckie', 'Nadarzyn'),
    ('Gol Brodnica', 'Kujawsko-pomorskie', 'Brodnica'),
    ('Górnik Łęczna', 'Lubelskie', 'Łęczna'),
    ('Górnik Zabrze', 'Śląskie', 'Zabrze'),
    ('Huragan Wołomin', 'Mazowieckie', 'Wołomin'),
    ('Hutnik Kraków', 'Małopolskie', 'Kraków'),
    ('Hutnik Warszawa', 'Mazowieckie', 'Warszawa'),
    ('IKS Jeziorak Iława', 'Warmińsko-mazurskie', 'Iława'),
    ('Jacademy Bydgoszcz', 'Kujawsko-pomorskie', 'Bydgoszcz'),
    ('Jagiellonia Białystok', 'Podlaskie', 'Białystok'),
    ('Jaguar Gdańsk', 'Pomorskie', 'Gdańsk'),
    ('Jedność Żabieniec', 'Mazowieckie', 'Żabieniec'),
    ('Józefovia Józefów', 'Mazowieckie', 'Józefów'),
    ('JSS SMS Edukacja Toruń', 'Kujawsko-pomorskie', 'Toruń'),
    ('JSS SMS Toruń', 'Kujawsko-pomorskie', 'Toruń'),
    ('Junior Białystok', 'Podlaskie', 'Białystok'),
    ('Juventus Academy Bydgoszcz', 'Kujawsko-pomorskie', 'Bydgoszcz'),
    ('Juventus Academy Toruń', 'Kujawsko-pomorskie', 'Toruń'),
    ('Juventus Academy Warszawa', 'Mazowieckie', 'Warszawa'),
    ('Juventus Bydgoszcz', 'Kujawsko-pomorskie', 'Bydgoszcz'),
    ('Juventus Warszawa', 'Mazowieckie', 'Warszawa'),
    ('Kosa Konstancin', 'Mazowieckie', 'Konstancin-Jeziorna'),
    ('KS Halinów', 'Mazowieckie', 'Halinów'),
    ('KS Lublinianka', 'Lubelskie', 'Lublin'),
    ('KS Łomianki', 'Mazowieckie', 'Łomianki'),
    ('KS Pogoń Warszawa', 'Mazowieckie', 'Warszawa'),
    ('KS Wesoła', 'Mazowieckie', 'Warszawa'),
    ('Lech Poznań', 'Wielkopolskie', 'Poznań'),
    ('Lechia Gdańsk', 'Pomorskie', 'Gdańsk'),
    ('Lechia Zielona Góra', 'Lubuskie', 'Zielona Góra'),
    ('Legia Warszawa', 'Mazowieckie', 'Warszawa'),
    ('Limanovia Limanowa', 'Małopolskie', 'Limanowa'),
    ('LKS Kamionka', 'Lubelskie', 'Kamionka'),
    ('ŁKS Łódź', 'Łódzkie', 'Łódź'),
    ('Łokietek Brześć Kujawski', 'Kujawsko-pomorskie', 'Brześć Kujawski'),
    ('Marcovia Marki', 'Mazowieckie', 'Marki'),
    ('Mazovia Mińsk Mazowiecki', 'Mazowieckie', 'Mińsk Mazowiecki'),
    ('Mazur Ełk', 'Warmińsko-mazurskie', 'Ełk'),
    ('Mazur Radzymin', 'Mazowieckie', 'Radzymin'),
    ('MKS Ostrowianka Ostrów Maz.', 'Mazowieckie', 'Ostrów Mazowiecka'),
    ('MKS Ostrowianka Ostrów Mazowiecka', 'Mazowieckie', 'Ostrów Mazowiecka'),
    ('MKS Otwock', 'Mazowieckie', 'Otwock'),
    ('MKS Piaseczno', 'Mazowieckie', 'Piaseczno'),
    ('MKS Przasnysz', 'Mazowieckie', 'Przasnysz'),
    ('Mławianka Mława', 'Mazowieckie', 'Mława'),
    ('Młoda Włocławianka Włocławek', 'Kujawsko-pomorskie', 'Włocławek'),
    ('Młode Orły Nadnarwianki Pułtusk', 'Mazowieckie', 'Pułtusk'),
    ('Młode Orły Pułtusk', 'Mazowieckie', 'Pułtusk'),
    ('Młode Talenty Toruń', 'Kujawsko-pomorskie', 'Toruń'),
    ('Młodzik Radom', 'Mazowieckie', 'Radom'),
    ('Motor Lublin', 'Lubelskie', 'Lublin'),
    ('MUKS Bydgoszcz', 'Kujawsko-pomorskie', 'Bydgoszcz'),
    ('MUKS CWZS Bydgoszcz', 'Kujawsko-pomorskie', 'Bydgoszcz'),
    ('Naprzód Brwinów', 'Mazowieckie', 'Brwinów'),
    ('Narew Ostrołęka', 'Mazowieckie', 'Ostrołęka'),
    ('Niedźwiadek Chełm', 'Lubelskie', 'Chełm'),
    ('Odra Opole', 'Opolskie', 'Opole'),
    ('Okęcie Warszawa', 'Mazowieckie', 'Warszawa'),
    ('Olimpia Elbląg', 'Warmińsko-mazurskie', 'Elbląg'),
    ('Olimpia Grudziądz', 'Kujawsko-pomorskie', 'Grudziądz'),
    ('Olimpia Warszawa', 'Mazowieckie', 'Warszawa'),
    ('Orzełki Żelistrzewo', 'Pomorskie', 'Żelistrzewo'),
    ('PAF Płońsk', 'Mazowieckie', 'Płońsk'),
    ('Perełki Puławy', 'Lubelskie', 'Puławy'),
    ('Piast Gliwice', 'Śląskie', 'Gliwice'),
    ('PKS Radość', 'Mazowieckie', 'Warszawa'),
    ('Podlasie Biała Podlaska', 'Lubelskie', 'Biała Podlaska'),
    ('Podlasie Sokołów Podlaski', 'Mazowieckie', 'Sokołów Podlaski'),
    ('Pogoń Grodzisk Mazowiecki', 'Mazowieckie', 'Grodzisk Mazowiecki'),
    ('Pogoń Siedlce', 'Mazowieckie', 'Siedlce'),
    ('Pogoń Szczecin', 'Zachodniopomorskie', 'Szczecin'),
    ('Pogoń Warszawa', 'Mazowieckie', 'Warszawa'),
    ('Polonia Leszno', 'Wielkopolskie', 'Leszno'),
    ('Polonia Lidzbark Warmiński', 'Warmińsko-mazurskie', 'Lidzbark Warmiński'),
    ('Polonia Warszawa', 'Mazowieckie', 'Warszawa'),
    ('Pomorzanin Toruń', 'Kujawsko-pomorskie', 'Toruń'),
    ('Progres Warszawa', 'Mazowieckie', 'Warszawa'),
    ('Promnik Gończyce', 'Mazowieckie', 'Gończyce'),
    ('Radomiak Radom', 'Mazowieckie', 'Radom'),
    ('Raków Częstochowa', 'Śląskie', 'Częstochowa'),
    ('RAP Radomsko', 'Łódzkie', 'Radomsko'),
    ('Rozwój Iława', 'Warmińsko-mazurskie', 'Iława'),
    ('Ryś Laski', 'Mazowieckie', 'Laski'),
    ('SEMP Siedlce', 'Mazowieckie', 'Siedlce'),
    ('SEMP Ursynów', 'Mazowieckie', 'Warszawa'),
    ('SMS Tychy', 'Śląskie', 'Tychy'),
    ('Sokół Ostróda', 'Warmińsko-mazurskie', 'Ostróda'),
    ('Sparta Jazgarzew', 'Mazowieckie', 'Jazgarzew'),
    ('Stal Niewiadów', 'Łódzkie', 'Niewiadów'),
    ('Stal Rzeszów', 'Podkarpackie', 'Rzeszów'),
    ('Stilon Gorzów Wielkopolski', 'Lubuskie', 'Gorzów Wielkopolski'),
    ('Stoczniowiec Płock', 'Mazowieckie', 'Płock'),
    ('Stomil Olsztyn', 'Warmińsko-mazurskie', 'Olsztyn'),
    ('Śląsk Wrocław', 'Dolnośląskie', 'Wrocław'),
    ('Talent Warszawa', 'Mazowieckie', 'Warszawa'),
    ('Torpedo Mokotów', 'Mazowieckie', 'Warszawa'),
    ('TS Przylep Zielona Góra', 'Lubuskie', 'Zielona Góra'),
    ('TS Wisła Kraków', 'Małopolskie', 'Kraków'),
    ('UKS Irzyk Warszawa', 'Mazowieckie', 'Warszawa'),
    ('UKS Iwiczna', 'Mazowieckie', 'Iwiczna'),
    ('UKS Mini Soccer Academy Mrągowo', 'Warmińsko-mazurskie', 'Mrągowo'),
    ('UKS SMS Łódź', 'Łódzkie', 'Łódź'),
    ('UKS Varsovia', 'Mazowieckie', 'Warszawa'),
    ('Ursus Warszawa', 'Mazowieckie', 'Warszawa'),
    ('Victoria Sulejówek', 'Mazowieckie', 'Sulejówek'),
    ('Warta Poznań', 'Wielkopolskie', 'Poznań'),
    ('Wicher Kobyłka', 'Mazowieckie', 'Kobyłka'),
    ('Widzew Łódź', 'Łódzkie', 'Łódź'),
    ('Wilga Garwolin', 'Mazowieckie', 'Garwolin'),
    ('Wisła Fordon', 'Kujawsko-pomorskie', 'Bydgoszcz'),
    ('Wisła Kraków', 'Małopolskie', 'Kraków'),
    ('Wisła Płock', 'Mazowieckie', 'Płock'),
    ('Włókniarz Toruń', 'Kujawsko-pomorskie', 'Toruń'),
    ('Zagłębie Lubin', 'Dolnośląskie', 'Lubin'),
    ('Zawisza Bydgoszcz', 'Kujawsko-pomorskie', 'Bydgoszcz'),
    ('Ząbkovia Ząbki', 'Mazowieckie', 'Ząbki'),
    ('Zdrój Ciechocinek', 'Kujawsko-pomorskie', 'Ciechocinek'),
    ('Znicz Pruszków', 'Mazowieckie', 'Pruszków'),
    ('Zwar Warszawa', 'Mazowieckie', 'Warszawa'),
    ('Żuri Olsztyn', 'Warmińsko-mazurskie', 'Olsztyn'),
    ('Żyrardowianka Żyrardów', 'Mazowieckie', 'Żyrardów')
),
matched as (
  select d.club_name, r.id as region_id, trim(d.city) as city
  from data d
  join public.regions r on lower(trim(r.name)) = lower(trim(d.woj_name))
  where trim(d.woj_name) <> '' and trim(d.city) <> ''
)
update public.clubs c
set region_id = m.region_id, city = m.city
from matched m
where c.name = m.club_name;
